{
  "abs_rel": 0.07948607951402664,
  "sq_rel": 0.03602297976613045,
  "rmse": 0.30901333689689636,
  "rmse_log": 0.10158374905586243,
  "log10": 0.03428316488862038,
  "delta1": 0.9528466875503221,
  "delta2": 0.9939592925976246,
  "delta3": 0.998569786364878,
  "avg_inference_time": 5.852173150367289,
  "num_samples": 1449,
  "scale_invariant": {
    "abs_rel": 0.05099308118224144,
    "sq_rel": 0.019863152876496315,
    "rmse": 0.21969206631183624,
    "rmse_log": 0.07403398305177689,
    "log10": 0.021876083686947823,
    "delta1": 0.9737819387832126,
    "delta2": 0.9960473166659479,
    "delta3": 0.9991775959893316
  }
}