{
  "abs_rel": 0.08553630858659744,
  "sq_rel": 0.04142342135310173,
  "rmse": 0.328822523355484,
  "rmse_log": 0.11168251931667328,
  "log10": 0.03718145191669464,
  "delta1": 0.9389148061209862,
  "delta2": 0.9904406924933102,
  "delta3": 0.9975182470852446,
  "avg_inference_time": 0.7353010250523185,
  "num_samples": 654,
  "scale_invariant": {
    "abs_rel": 0.05647732689976692,
    "sq_rel": 0.023593638092279434,
    "rmse": 0.2347612977027893,
    "rmse_log": 0.08152250945568085,
    "log10": 0.02418634109199047,
    "delta1": 0.9653407864662971,
    "delta2": 0.9940496683072121,
    "delta3": 0.9987203248439092
  }
}