{
  "abs_rel": 0.11553556472063065,
  "sq_rel": 0.09867879748344421,
  "rmse": 0.5092155337333679,
  "rmse_log": 0.19053485989570618,
  "log10": 0.054962724447250366,
  "delta1": 0.8777072582186545,
  "delta2": 0.9596114256817023,
  "delta3": 0.9794765137216489,
  "avg_inference_time": 0.737183893127908,
  "num_samples": 654,
  "scale_invariant": {
    "abs_rel": 0.0833657756447792,
    "sq_rel": 0.05369815230369568,
    "rmse": 0.36307334899902344,
    "rmse_log": 0.1391983926296234,
    "log10": 0.03628568723797798,
    "delta1": 0.919497115108945,
    "delta2": 0.9748439042988658,
    "delta3": 0.9898854554902522
  }
}