{
  "abs_rel": 0.07786635309457779,
  "sq_rel": 0.028733491897583008,
  "rmse": 0.24170687794685364,
  "rmse_log": 0.12454593181610107,
  "log10": 0.03597971051931381,
  "delta1": 0.9355045572916667,
  "delta2": 0.983748046875,
  "delta3": 0.9950983072916667,
  "avg_inference_time": 0.8414756298065186,
  "num_samples": 5,
  "scale_invariant": {
    "abs_rel": 0.053598802536726,
    "sq_rel": 0.01745031215250492,
    "rmse": 0.18740038573741913,
    "rmse_log": 0.08990741521120071,
    "log10": 0.023141290992498398,
    "delta1": 0.9598170572916667,
    "delta2": 0.9928365885416668,
    "delta3": 0.9988990885416668
  }
}