{
  "abs_rel": 0.07653852448220555,
  "sq_rel": 0.03475287838554898,
  "rmse": 0.2982469621009054,
  "rmse_log": 0.10128593646753181,
  "log10": 0.03303955101396672,
  "delta1": 0.9549442881546255,
  "delta2": 0.9912334203379837,
  "delta3": 0.9978577792510832,
  "avg_inference_time": 3.7165049744673095,
  "num_samples": 654
}