{
  "v3_baseline": {
    "abs_rel": 0.08706585915947179,
    "sq_rel": 0.04222727423912592,
    "rmse": 0.3261746424748719,
    "rmse_log": 0.1114148860797286,
    "log10": 0.03737157450088895,
    "delta1": 0.9372875752580273,
    "delta2": 0.9904441617291028,
    "delta3": 0.9974322279561678,
    "avg_inference_time": 1.0243453560254625,
    "num_samples": 654
  },
  "v3_tta_flip": {
    "abs_rel": 0.08606943736188911,
    "sq_rel": 0.041363672462444386,
    "rmse": 0.32290122771937546,
    "rmse_log": 0.11016721600262215,
    "log10": 0.036933151639097966,
    "delta1": 0.9404370490491217,
    "delta2": 0.9911076319205535,
    "delta3": 0.9977647668992093,
    "avg_inference_time": 3.0751440594320267,
    "num_samples": 654
  },
  "v3_guided": {
    "abs_rel": 0.08846805657086387,
    "sq_rel": 0.042910654038875805,
    "rmse": 0.3292154724900511,
    "rmse_log": 0.11287037604445711,
    "log10": 0.03789904317533774,
    "delta1": 0.9348282056336013,
    "delta2": 0.9904706662923676,
    "delta3": 0.9975246579542557,
    "avg_inference_time": 1.0254140133522338,
    "num_samples": 654
  },
  "v3_tta_flip_guided": {
    "abs_rel": 0.08750367797455474,
    "sq_rel": 0.04208983652616227,
    "rmse": 0.32616396187961283,
    "rmse_log": 0.11168107841824629,
    "log10": 0.03747473870310078,
    "delta1": 0.9380292102685405,
    "delta2": 0.9911038590644112,
    "delta3": 0.9978579136404186,
    "avg_inference_time": 3.0755675327522676,
    "num_samples": 654
  },
  "v3_tta_full_guided": {
    "abs_rel": 0.08876464021782354,
    "sq_rel": 0.04284131277544105,
    "rmse": 0.3281228446005772,
    "rmse_log": 0.11235124562562242,
    "log10": 0.03781853605414932,
    "delta1": 0.9368166949382011,
    "delta2": 0.9911033961678125,
    "delta3": 0.9978757525802758,
    "avg_inference_time": 7.176901987933237,
    "num_samples": 654
  }
}