{
  "abs_rel": 0.07811640635622659,
  "sq_rel": 0.03597400780049486,
  "rmse": 0.3037848755637531,
  "rmse_log": 0.10318956535526007,
  "log10": 0.03373831519372875,
  "delta1": 0.9530100274353338,
  "delta2": 0.9910659712267458,
  "delta3": 0.9977989565414765,
  "avg_inference_time": 1.2511144949390982,
  "num_samples": 654,
  "scale_invariant": {
    "abs_rel": 0.050842196222064324,
    "sq_rel": 0.02128011646716313,
    "rmse": 0.2205608051002527,
    "rmse_log": 0.076046565180183,
    "log10": 0.021799683702585577,
    "delta1": 0.9689981175538359,
    "delta2": 0.994424818624172,
    "delta3": 0.9987522995508407
  }
}