{
  "abs_rel": 0.07896596938371658,
  "sq_rel": 0.03581743314862251,
  "rmse": 0.3087749779224396,
  "rmse_log": 0.10145918279886246,
  "log10": 0.03421878069639206,
  "delta1": 0.9531680388414424,
  "delta2": 0.9939262822240914,
  "delta3": 0.9985590569825454,
  "avg_inference_time": 1.7592210917739395,
  "num_samples": 1449,
  "scale_invariant": {
    "abs_rel": 0.05097024142742157,
    "sq_rel": 0.01985767111182213,
    "rmse": 0.219603031873703,
    "rmse_log": 0.07401717454195023,
    "log10": 0.02186046540737152,
    "delta1": 0.9738015149636243,
    "delta2": 0.9960453554534737,
    "delta3": 0.9991761694487579
  }
}