{
  "abs_rel": 0.07873439791096824,
  "sq_rel": 0.036689387434763854,
  "rmse": 0.3069166826989946,
  "rmse_log": 0.10307226682349538,
  "log10": 0.033862535631005004,
  "delta1": 0.951956897856142,
  "delta2": 0.9914107595087923,
  "delta3": 0.9978155212713423,
  "avg_inference_time": 1.1352028923297146,
  "num_samples": 654,
  "scale_invariant": {
    "abs_rel": 0.05126271686667651,
    "sq_rel": 0.021629873272376875,
    "rmse": 0.22267671828001556,
    "rmse_log": 0.07622082207767743,
    "log10": 0.021980172460357623,
    "delta1": 0.9693784642584107,
    "delta2": 0.994526048635002,
    "delta3": 0.9987262429520263
  }
}