{
  "abs_rel": 0.08776713907718658,
  "sq_rel": 0.04256308078765869,
  "rmse": 0.327259361743927,
  "rmse_log": 0.11187818646430969,
  "log10": 0.037605684250593185,
  "delta1": 0.9361919089656601,
  "delta2": 0.9905317785980505,
  "delta3": 0.9974899207998853,
  "avg_inference_time": 0.7367152249047516,
  "num_samples": 654,
  "scale_invariant": {
    "abs_rel": 0.05393790081143379,
    "sq_rel": 0.02274841070175171,
    "rmse": 0.22765490412712097,
    "rmse_log": 0.07886476814746857,
    "log10": 0.02304590865969658,
    "delta1": 0.9675571552863788,
    "delta2": 0.9944102498247961,
    "delta3": 0.998677280437691
  }
}