{
  "abs_rel": 0.07725891937994446,
  "sq_rel": 0.03554590743562685,
  "rmse": 0.30139699662018804,
  "rmse_log": 0.1011983695004238,
  "log10": 0.03323919096298015,
  "delta1": 0.9546150342842133,
  "delta2": 0.9917351156345569,
  "delta3": 0.9979299861429665,
  "avg_inference_time": 3.409266259692131,
  "num_samples": 654,
  "scale_invariant": {
    "abs_rel": 0.049754901420302255,
    "sq_rel": 0.020680766117197266,
    "rmse": 0.2179004325067186,
    "rmse_log": 0.07420647444220585,
    "log10": 0.021337877443510275,
    "delta1": 0.970723522314603,
    "delta2": 0.9950317308151755,
    "delta3": 0.9988393091790893
  }
}