{
  "abs_rel": 0.10852940984070301,
  "sq_rel": 1.4827040419876576,
  "rmse": 6.331049767494202,
  "rmse_log": 0.19184791533648968,
  "delta1": 0.8926804515957215,
  "delta2": 0.9670152374345935,
  "delta3": 0.9852699224989805,
  "num_samples": 500,
  "num_skipped": 0,
  "mean_scale": 0.898371732970746
}