{
  "abs_rel": 0.09315030782388649,
  "sq_rel": 0.5889126859883239,
  "rmse": 4.267066347462204,
  "rmse_log": 0.17211909337207099,
  "delta1": 0.9116771124289472,
  "delta2": 0.9711228081770578,
  "delta3": 0.9850028044765737,
  "num_samples": 697,
  "avg_inference_time": 0.4603208965345298,
  "mean_scale": 1.2065952263740418,
  "use_median_scaling": true
}