{
  "abs_rel": 0.1001133246553081,
  "sq_rel": 0.5785836995748999,
  "rmse": 4.266403471166468,
  "rmse_log": 0.17819290193949575,
  "delta1": 0.9073819820440069,
  "delta2": 0.9688373219656354,
  "delta3": 0.9837756610473829,
  "num_samples": 697,
  "avg_inference_time": 0.45984940788838236,
  "mean_scale": 1.1666025075543047,
  "use_median_scaling": true
}