{
  "abs_rel": 0.08660971259476465,
  "sq_rel": 0.5428913801940561,
  "rmse": 3.892811873123328,
  "rmse_log": 0.16552221358698957,
  "delta1": 0.9253034359004435,
  "delta2": 0.972537529126624,
  "delta3": 0.9849434617310898,
  "num_samples": 697,
  "avg_inference_time": 0.3947251681104794,
  "mean_scale": 1.0143209400785875,
  "use_median_scaling": true
}