{
  "abs_rel": 0.2279937836383261,
  "sq_rel": 3.385846269706181,
  "rmse": 5.988469331455764,
  "rmse_log": 0.2813589760283036,
  "log10": 0.08295456522992298,
  "num_samples": 134,
  "num_skipped": 0,
  "mean_scale": 1.6822112820156345
}