{
  "abs_rel": 0.138760063752532,
  "sq_rel": 1.824787136569619,
  "rmse": 8.17700130224228,
  "rmse_log": 0.2249833233654499,
  "delta1": 0.8122224094721155,
  "delta2": 0.9429560515896769,
  "delta3": 0.9830386698965391,
  "num_samples": 500,
  "num_skipped": 0,
  "mean_scale": 1.0095653092265726
}