{
  "abs_rel": 0.1334918183684349,
  "sq_rel": 1.451725911527872,
  "rmse": 6.923215978860855,
  "rmse_log": 0.21064140771329404,
  "delta1": 0.8500527157321474,
  "delta2": 0.9576394448142413,
  "delta3": 0.9839365168795853,
  "num_samples": 500,
  "num_skipped": 0,
  "mean_scale": 0.98447558898764
}