{
  "abs_rel": 0.11595405377447605,
  "sq_rel": 1.4998309318870306,
  "rmse": 6.641566857337952,
  "rmse_log": 0.19697664326429368,
  "delta1": 0.8765485208447308,
  "delta2": 0.964218988004259,
  "delta3": 0.9853806492562589,
  "num_samples": 500,
  "num_skipped": 0,
  "mean_scale": 0.9837573152031684
}