{
  "arithmetic_mean": {
    "abs_rel": 0.08679806858760811,
    "sq_rel": 0.5423674024801857,
    "rmse": 3.918027483065809,
    "rmse_log": 0.1657777461443775,
    "delta1": 0.9247499334147327,
    "delta2": 0.9724799928654723,
    "delta3": 0.9849697549269218
  },
  "geometric_mean": {
    "abs_rel": 0.08680083288128355,
    "sq_rel": 0.5422944670150236,
    "rmse": 3.9183610201395056,
    "rmse_log": 0.16578381528364364,
    "delta1": 0.9247344732263633,
    "delta2": 0.9724777986096113,
    "delta3": 0.9849705436305444
  },
  "blend_w0.0": {
    "abs_rel": 0.08750367964186319,
    "sq_rel": 0.5448102725501383,
    "rmse": 3.957025746190907,
    "rmse_log": 0.16646202291806939,
    "delta1": 0.9235689849115524,
    "delta2": 0.9723511130827982,
    "delta3": 0.9849854390806292
  },
  "blend_w0.1": {
    "abs_rel": 0.08732183818762836,
    "sq_rel": 0.5440597526376354,
    "rmse": 3.948017887183207,
    "rmse_log": 0.1662886479236132,
    "delta1": 0.9238688243775736,
    "delta2": 0.9723846810893276,
    "delta3": 0.9849826881084505
  },
  "blend_w0.2": {
    "abs_rel": 0.0871547229796477,
    "sq_rel": 0.5434482069352008,
    "rmse": 3.9397002252478854,
    "rmse_log": 0.16613347867404885,
    "delta1": 0.9241343858135032,
    "delta2": 0.9724149768049364,
    "delta3": 0.984979849796236
  },
  "blend_w0.3": {
    "abs_rel": 0.08701413045430201,
    "sq_rel": 0.5429731510002354,
    "rmse": 3.931901560879848,
    "rmse_log": 0.16599728072454975,
    "delta1": 0.9243652955849931,
    "delta2": 0.9724400674442222,
    "delta3": 0.9849742913897049
  },
  "blend_w0.4": {
    "abs_rel": 0.08689616396595622,
    "sq_rel": 0.5426174091493211,
    "rmse": 3.9247264481514392,
    "rmse_log": 0.16587930706087795,
    "delta1": 0.9245642018876729,
    "delta2": 0.9724631957412995,
    "delta3": 0.9849721767215379
  },
  "blend_w0.5": {
    "abs_rel": 0.08679806858760811,
    "sq_rel": 0.5423674024801857,
    "rmse": 3.918027483065809,
    "rmse_log": 0.1657777461443775,
    "delta1": 0.9247499334147327,
    "delta2": 0.9724799928654723,
    "delta3": 0.9849697549269218
  },
  "blend_w0.6": {
    "abs_rel": 0.08671698628936812,
    "sq_rel": 0.5422418891122215,
    "rmse": 3.9119575095484556,
    "rmse_log": 0.16569289244935878,
    "delta1": 0.9249265981583555,
    "delta2": 0.9724985767861091,
    "delta3": 0.9849648089838454
  },
  "blend_w0.7": {
    "abs_rel": 0.08665628563425633,
    "sq_rel": 0.542230074618605,
    "rmse": 3.9063549766068477,
    "rmse_log": 0.16562407616648817,
    "delta1": 0.9250631435335204,
    "delta2": 0.9725142224970065,
    "delta3": 0.9849581862576184
  },
  "blend_w0.8": {
    "abs_rel": 0.08661722873405713,
    "sq_rel": 0.5423257261076394,
    "rmse": 3.90129572460949,
    "rmse_log": 0.16557256098692352,
    "delta1": 0.9251660564212412,
    "delta2": 0.9725232723321272,
    "delta3": 0.9849554934574956
  },
  "blend_w0.9": {
    "abs_rel": 0.0866021062254136,
    "sq_rel": 0.5425562103475354,
    "rmse": 3.8968267786280495,
    "rmse_log": 0.16553940808392495,
    "delta1": 0.925229252133148,
    "delta2": 0.9725287699198132,
    "delta3": 0.9849465725462754
  },
  "blend_w1.0": {
    "abs_rel": 0.08661269183020766,
    "sq_rel": 0.5428885681022873,
    "rmse": 3.8928118574739017,
    "rmse_log": 0.16552103246686448,
    "delta1": 0.9253055822979158,
    "delta2": 0.9725384285547978,
    "delta3": 0.9849438966137141
  }
}