{
  "abs_rel": 0.45756326679947384,
  "sq_rel": 4.900482514731511,
  "rmse": 12.186887741944027,
  "rmse_log": 0.6011996013960845,
  "delta1": 0.29644377429481594,
  "delta2": 0.5482148440414563,
  "delta3": 0.7515052252247257,
  "num_samples": 697,
  "avg_inference_time": 0.39645589304449225,
  "mean_scale": 0.0012067130408042687,
  "use_median_scaling": true
}