{
  "abs_rel": 0.15357928129295195,
  "sq_rel": 2.196910826609586,
  "rmse": 8.215580289726448,
  "rmse_log": 0.2303318597023593,
  "delta1": 0.824679237259284,
  "delta2": 0.9307951490981672,
  "delta3": 0.9748211097553495,
  "num_samples": 697,
  "avg_inference_time": 0.46055576996276504,
  "mean_scale": 1.1307865807110473,
  "use_median_scaling": true
}