{
  "abs_rel": 0.2574821308310797,
  "sq_rel": 4.845826287927634,
  "rmse": 6.676544149753763,
  "rmse_log": 0.3005883690636994,
  "log10": 0.08764125173216436,
  "num_samples": 134,
  "num_skipped": 0,
  "mean_scale": 1.8966760791146047
}