{
  "abs_rel": 1.360630316409602,
  "sq_rel": 42.594752573477685,
  "rmse": 16.057847667985886,
  "rmse_log": 1.10151438559614,
  "log10": 0.386505542684402,
  "num_samples": 134,
  "num_skipped": 0,
  "mean_scale": 2.3563389900320053
}