{
  "abs_rel": 0.23062301960898868,
  "sq_rel": 3.608709650802245,
  "rmse": 6.211913610127435,
  "rmse_log": 0.2824743668368058,
  "log10": 0.08146360071737375,
  "num_samples": 134,
  "num_skipped": 0,
  "mean_scale": 1.5315525089808155
}