{
  "abs_rel": 0.10346277242518395,
  "sq_rel": 0.713114464658191,
  "rmse": 5.09817335475637,
  "rmse_log": 0.18925339188774143,
  "delta1": 0.877795012510727,
  "delta2": 0.9625998827615598,
  "delta3": 0.9839719970308836,
  "num_samples": 697,
  "avg_inference_time": 0.46141911134487246,
  "mean_scale": 1.2392255419296034,
  "use_median_scaling": true
}