{
  "abs_rel": 0.11185460172593593,
  "sq_rel": 1.5016750398129224,
  "rmse": 6.636277727365494,
  "rmse_log": 0.1964449727535248,
  "delta1": 0.877278840114998,
  "delta2": 0.9639531391101478,
  "delta3": 0.9849608172461621,
  "num_samples": 500,
  "num_skipped": 0,
  "mean_scale": 0.9754393647153989
}