{
  "abs_rel": 0.24106895995896255,
  "sq_rel": 3.643267027505521,
  "rmse": 6.202761122095051,
  "rmse_log": 0.290179543197155,
  "log10": 0.08601656214181166,
  "num_samples": 134,
  "num_skipped": 0,
  "mean_scale": 1.790569630790707
}