{
  "abs_rel": 0.1362968698143959,
  "sq_rel": 2.178393989741802,
  "rmse": 8.036652128696442,
  "rmse_log": 0.21915430724620819,
  "delta1": 0.8509564043102383,
  "delta2": 0.9562527546471488,
  "delta3": 0.981033177477688,
  "num_samples": 500,
  "num_skipped": 0,
  "mean_scale": 0.9220435426665188
}