{
  "abs_rel": 0.12070672769844532,
  "sq_rel": 1.5779768332988025,
  "rmse": 6.954557137489319,
  "rmse_log": 0.2022298784852028,
  "delta1": 0.8623601269357581,
  "delta2": 0.9615303544023415,
  "delta3": 0.9851967945022948,
  "num_samples": 500,
  "num_skipped": 0,
  "mean_scale": 1.0114477994904485
}