{
  "abs_rel": 0.1939996037799031,
  "sq_rel": 2.1751519943545783,
  "rmse": 5.292971018534987,
  "rmse_log": 0.2555032455876692,
  "log10": 0.0753095902141128,
  "num_samples": 134,
  "num_skipped": 0,
  "mean_scale": 1.7134629769996492
}