{
  "abs_rel": 0.08750507338947938,
  "sq_rel": 0.5447936325495691,
  "rmse": 3.956978431818646,
  "rmse_log": 0.16646031604029526,
  "delta1": 0.9235766410132843,
  "delta2": 0.972350884329875,
  "delta3": 0.9849856713147345,
  "num_samples": 697,
  "avg_inference_time": 0.46218113440865255,
  "mean_scale": 1.170885378353223,
  "use_median_scaling": true
}