{
  "abs_rel": 0.25625440767451896,
  "sq_rel": 5.079040617063475,
  "rmse": 6.7295934565698925,
  "rmse_log": 0.2989230080604998,
  "log10": 0.08564172842220139,
  "num_samples": 134,
  "num_skipped": 0,
  "mean_scale": 1.881843718926682
}