{
  "abs_rel": 0.24980048815817085,
  "sq_rel": 4.4659891151545095,
  "rmse": 6.535883178017032,
  "rmse_log": 0.2956730939670285,
  "log10": 0.08598191772045484,
  "num_samples": 134,
  "num_skipped": 0,
  "mean_scale": 1.8303344936562407
}