{
  "abs_rel": 0.09047294816956288,
  "sq_rel": 0.6300859260112261,
  "rmse": 4.1087652783482795,
  "rmse_log": 0.16894593450055062,
  "delta1": 0.9232730165022329,
  "delta2": 0.9718227999521043,
  "delta3": 0.9844512636787482,
  "num_samples": 697,
  "avg_inference_time": 0.4611169310177074,
  "mean_scale": 1.1085469849311467,
  "use_median_scaling": true
}