{
  "abs_rel": 1.8844837129885703,
  "sq_rel": 96.49368522969345,
  "rmse": 33.51802611231291,
  "rmse_log": 1.3899432224257604,
  "delta1": 0.12162470953086964,
  "delta2": 0.23985668353678694,
  "delta3": 0.3507329709176878,
  "num_samples": 697,
  "avg_inference_time": 0.39430884582924536,
  "mean_scale": 0.6316996829923632,
  "use_median_scaling": true
}